epoch,lr-Adam,step,train_loss,val_loss
,0.001,0,,
0,,114,,0.3895558714866638
0,,114,0.5659306049346924,
,0.001,115,,
1,,229,,0.4033729135990143
1,,229,0.3991563022136688,
,0.001,230,,
2,,344,,0.32334229350090027
2,,344,0.3721628487110138,
,0.001,345,,
3,,459,,0.3325621485710144
3,,459,0.36003577709198,
,0.001,460,,
4,,574,,0.2851110100746155
4,,574,0.3367072343826294,
,0.001,575,,
5,,689,,0.31878364086151123
5,,689,0.33624759316444397,
,0.001,690,,
6,,804,,0.27698683738708496
6,,804,0.3230937123298645,
,0.001,805,,
7,,919,,0.2651008665561676
7,,919,0.31689706444740295,
,0.001,920,,
8,,1034,,0.3290327191352844
8,,1034,0.3224763572216034,
,0.001,1035,,
9,,1149,,0.26231274008750916
9,,1149,0.3205912411212921,
,0.001,1150,,
10,,1264,,0.2623586654663086
10,,1264,0.3056372106075287,
,0.001,1265,,
11,,1379,,0.27497726678848267
11,,1379,0.3061785101890564,
,0.001,1380,,
12,,1494,,0.26713886857032776
12,,1494,0.28764402866363525,
,0.001,1495,,
13,,1609,,0.26273778080940247
13,,1609,0.2932735085487366,
,0.001,1610,,
14,,1724,,0.30798789858818054
14,,1724,0.2865963876247406,
,0.001,1725,,
15,,1839,,0.2584587633609772
15,,1839,0.2786101698875427,
,0.001,1840,,
16,,1954,,0.22016288340091705
16,,1954,0.2774013876914978,
,0.001,1955,,
17,,2069,,0.2828713655471802
17,,2069,0.27064821124076843,
,0.001,2070,,
18,,2184,,0.2113933563232422
18,,2184,0.2736959755420685,
,0.001,2185,,
19,,2299,,0.28503671288490295
19,,2299,0.26596537232398987,
,0.001,2300,,
20,,2414,,0.23623135685920715
20,,2414,0.26453423500061035,
,0.001,2415,,
21,,2529,,0.2380823940038681
21,,2529,0.25793924927711487,
,0.001,2530,,
22,,2644,,0.22287553548812866
22,,2644,0.24715861678123474,
,0.001,2645,,
23,,2759,,0.22080138325691223
23,,2759,0.25278440117836,
,0.001,2760,,
24,,2874,,0.2329699844121933
24,,2874,0.24185697734355927,
,0.0005,2875,,
25,,2989,,0.20271825790405273
25,,2989,0.2368638515472412,
,0.0005,2990,,
26,,3104,,0.2026243656873703
26,,3104,0.22765150666236877,
,0.0005,3105,,
27,,3219,,0.21267522871494293
27,,3219,0.22751805186271667,
,0.0005,3220,,
28,,3334,,0.21296319365501404
28,,3334,0.22105351090431213,
,0.0005,3335,,
29,,3449,,0.20235466957092285
29,,3449,0.22140002250671387,
,0.0005,3450,,
30,,3564,,0.22247837483882904
30,,3564,0.22515851259231567,
,0.0005,3565,,
31,,3679,,0.1991087645292282
31,,3679,0.21037998795509338,
,0.0005,3680,,
32,,3794,,0.21480152010917664
32,,3794,0.21748635172843933,
,0.0005,3795,,
33,,3909,,0.1997251957654953
33,,3909,0.2178274244070053,
,0.0005,3910,,
34,,4024,,0.2230657935142517
34,,4024,0.2136310487985611,
,0.0005,4025,,
35,,4139,,0.20530928671360016
35,,4139,0.22162117063999176,
,0.0005,4140,,
36,,4254,,0.19525985419750214
36,,4254,0.2105492204427719,
,0.0005,4255,,
37,,4369,,0.19082792103290558
37,,4369,0.21251794695854187,
,0.0005,4370,,
38,,4484,,0.19138064980506897
38,,4484,0.21036817133426666,
,0.0005,4485,,
39,,4599,,0.20691411197185516
39,,4599,0.2075563371181488,
,0.0005,4600,,
40,,4714,,0.20666228234767914
40,,4714,0.21718460321426392,
,0.0005,4715,,
41,,4829,,0.19595858454704285
41,,4829,0.21080875396728516,
,0.0005,4830,,
42,,4944,,0.20619621872901917
42,,4944,0.20569106936454773,
,0.0005,4945,,
43,,5059,,0.1832163780927658
43,,5059,0.20454171299934387,
,0.0005,5060,,
44,,5174,,0.20587772130966187
44,,5174,0.2038862556219101,
,0.0005,5175,,
45,,5289,,0.18407407402992249
45,,5289,0.20323622226715088,
,0.0005,5290,,
46,,5404,,0.19827377796173096
46,,5404,0.1993275135755539,
,0.0005,5405,,
47,,5519,,0.18918806314468384
47,,5519,0.20031702518463135,
,0.0005,5520,,
48,,5634,,0.19420669972896576
48,,5634,0.2054080069065094,
,0.0005,5635,,
49,,5749,,0.17634041607379913
49,,5749,0.19756782054901123,
,0.0005,5750,,
50,,5864,,0.16627226769924164
50,,5864,0.1989467293024063,
,0.0005,5865,,
51,,5979,,0.21301592886447906
51,,5979,0.19838650524616241,
,0.0005,5980,,
52,,6094,,0.18356379866600037
52,,6094,0.20021475851535797,
,0.0005,6095,,
53,,6209,,0.18890690803527832
53,,6209,0.19374273717403412,
,0.0005,6210,,
54,,6324,,0.17459113895893097
54,,6324,0.19883602857589722,
,0.0005,6325,,
55,,6439,,0.17240293323993683
55,,6439,0.19585177302360535,
,0.0005,6440,,
56,,6554,,0.18816795945167542
56,,6554,0.19868025183677673,
,0.00025,6555,,
57,,6669,,0.21922233700752258
57,,6669,0.18947109580039978,
,0.00025,6670,,
58,,6784,,0.16951443254947662
58,,6784,0.18599949777126312,
,0.00025,6785,,
59,,6899,,0.2078627347946167
59,,6899,0.18466852605342865,
,0.00025,6900,,
60,,7014,,0.1758982539176941
60,,7014,0.1878592073917389,
,0.00025,7015,,
61,,7129,,0.16563133895397186
61,,7129,0.18563112616539001,
,0.00025,7130,,
62,,7244,,0.1673702448606491
62,,7244,0.18326453864574432,
,0.00025,7245,,
63,,7359,,0.16648882627487183
63,,7359,0.18355469405651093,
,0.00025,7360,,
64,,7474,,0.1776345670223236
64,,7474,0.18473893404006958,
,0.00025,7475,,
65,,7589,,0.17542985081672668
65,,7589,0.18168698251247406,
,0.00025,7590,,
66,,7704,,0.1762961447238922
66,,7704,0.18187740445137024,
,0.00025,7705,,
67,,7819,,0.17183640599250793
67,,7819,0.18463940918445587,
,0.000125,7820,,
68,,7934,,0.17240892350673676
68,,7934,0.17902889847755432,
,0.000125,7935,,
69,,8049,,0.16164346039295197
69,,8049,0.1786632090806961,
,0.000125,8050,,
70,,8164,,0.16677238047122955
70,,8164,0.18029002845287323,
,0.000125,8165,,
71,,8279,,0.1602150946855545
71,,8279,0.17955119907855988,
,0.000125,8280,,
72,,8394,,0.1635606288909912
72,,8394,0.18054887652397156,
,0.000125,8395,,
73,,8509,,0.16969545185565948
73,,8509,0.17956562340259552,
,0.000125,8510,,
74,,8624,,0.16450810432434082
74,,8624,0.17707277834415436,
,0.000125,8625,,
75,,8739,,0.16410088539123535
75,,8739,0.17606453597545624,
,0.000125,8740,,
76,,8854,,0.16083870828151703
76,,8854,0.1758371740579605,
,0.000125,8855,,
77,,8969,,0.15818141400814056
77,,8969,0.17612424492835999,
,0.000125,8970,,
78,,9084,,0.16160692274570465
78,,9084,0.17679831385612488,
,0.000125,9085,,
79,,9199,,0.1643269658088684
79,,9199,0.17682740092277527,
,0.000125,9200,,
80,,9314,,0.17855209112167358
80,,9314,0.17657117545604706,
,0.000125,9315,,
81,,9429,,0.18191088736057281
81,,9429,0.17619562149047852,
,0.000125,9430,,
82,,9544,,0.15760688483715057
82,,9544,0.1767023205757141,
,0.000125,9545,,
83,,9659,,0.156020849943161
83,,9659,0.17397361993789673,
,0.000125,9660,,
84,,9774,,0.16262058913707733
84,,9774,0.17520339787006378,
,0.000125,9775,,
85,,9889,,0.15960265696048737
85,,9889,0.1744486540555954,
,0.000125,9890,,
86,,10004,,0.17176274955272675
86,,10004,0.17085252702236176,
,0.000125,10005,,
87,,10119,,0.1545906513929367
87,,10119,0.1761598289012909,
,0.000125,10120,,
88,,10234,,0.16017572581768036
88,,10234,0.17410355806350708,
,0.000125,10235,,
89,,10349,,0.16272783279418945
89,,10349,0.17436517775058746,
,0.000125,10350,,
90,,10464,,0.1607450395822525
90,,10464,0.17484086751937866,
,0.000125,10465,,
91,,10579,,0.15963180363178253
91,,10579,0.17482614517211914,
,0.000125,10580,,
92,,10694,,0.16654223203659058
92,,10694,0.17387568950653076,
,0.000125,10695,,
93,,10809,,0.16304074227809906
93,,10809,0.17211920022964478,
,6.25e-05,10810,,
94,,10924,,0.16106949746608734
94,,10924,0.17169032990932465,
,6.25e-05,10925,,
95,,11039,,0.15824393928050995
95,,11039,0.17115750908851624,
,6.25e-05,11040,,
96,,11154,,0.15534290671348572
96,,11154,0.17549194395542145,
,6.25e-05,11155,,
97,,11269,,0.1542399376630783
97,,11269,0.17288754880428314,
,6.25e-05,11270,,
98,,11384,,0.15866321325302124
98,,11384,0.17284514009952545,
,6.25e-05,11385,,
99,,11499,,0.16026636958122253
99,,11499,0.16976125538349152,
